sheet,student,version,page,flipped
1,Ravi Kapoor,b,cover,0
2,Ravi Kapoor,b,q1,0
3,Ravi Kapoor,b,q2,0
4,Elena Petrova,a,cover,0
5,Elena Petrova,a,q1,0
6,Elena Petrova,a,q2,0
7,Asha Menon,a,cover,0
8,Asha Menon,a,q1,0
9,Asha Menon,a,q2,0
10,Hana Novak,a,cover,0
11,Hana Novak,a,q1,0
12,Hana Novak,a,q2,0
13,Diego Ramos,b,cover,0
14,Diego Ramos,b,q1,0
15,Diego Ramos,b,q2,0
16,Jordan Blake,b,cover,0
17,Jordan Blake,b,q1,0
18,Ines Duarte,a,cover,0
19,Ines Duarte,a,q1,0
20,Ines Duarte,a,q2,0
21,Taylor Brooks,b,cover,0
22,Taylor Brooks,b,q1,0
23,Taylor Brooks,b,q2,0
24,Sofia Lindqvist,a,cover,0
25,Sofia Lindqvist,a,q1,0
26,Sofia Lindqvist,a,q2,0
27,Omar Sutherland,b,cover,0
28,Omar Sutherland,b,q1,0
29,Omar Sutherland,b,q2,0
30,Jonah Pierce,b,cover,0
31,Jonah Pierce,b,q1,0
32,Jonah Pierce,b,q2,0
33,Theo Castillo,b,cover,0
34,Theo Castillo,b,q1,1
35,Theo Castillo,b,q2,1
36,Lena Hoffmann,a,cover,0
37,Lena Hoffmann,a,q1,0
38,Lena Hoffmann,a,q2,0
39,Kai Yamamoto,a,cover,0
40,Kai Yamamoto,a,q1,0
41,Kai Yamamoto,a,q2,0
42,Mina Haddad,a,cover,0
43,Mina Haddad,a,q1,0
44,Mina Haddad,a,q2,0
45,Avery Chen,a,cover,0
46,Avery Chen,a,q1,0
47,Avery Chen,a,q2,0
48,Marcus Webb,b,cover,0
49,Marcus Webb,b,q1,0
50,Marcus Webb,b,q2,0
51,Priya Natarajan,a,cover,0
52,Priya Natarajan,a,q1,0
53,Priya Natarajan,a,q2,0
54,Riley Moreno,a,cover,0
55,Riley Moreno,a,q1,0
56,Riley Moreno,a,q2,0
57,Felix Adeyemi,b,cover,0
58,Felix Adeyemi,b,q1,0
59,Felix Adeyemi,b,q2,0
60,Grace Kim,a,cover,0
61,Grace Kim,a,q1,0
62,Grace Kim,a,q2,0
63,Sam Okafor,b,cover,0
64,Sam Okafor,b,q1,0
65,Sam Okafor,b,q2,0
66,Noor Rahman,b,cover,0
67,Noor Rahman,b,q1,0
68,Noor Rahman,b,q2,0
69,Leo Fischer,b,cover,0
70,Leo Fischer,b,q1,0
71,Leo Fischer,b,q2,0
