sheet,student,version,front,back,flipped,scan
1,Ravi Kapoor,b,cover,blank,0,normal
2,Ravi Kapoor,b,q1,work,0,normal
3,Ravi Kapoor,b,q2,blank,0,normal
4,Ravi Kapoor,b,q3p1,blank,0,normal
5,Ravi Kapoor,b,q3p2,work,0,normal
6,Elena Petrova,a,cover,blank,0,normal
7,Elena Petrova,a,q1,blank,0,normal
8,Elena Petrova,a,q2,blank,0,normal
9,Elena Petrova,a,q3p1,blank,0,normal
10,Elena Petrova,a,q3p2,blank,0,normal
11,Asha Menon,a,cover,blank,0,normal
12,Asha Menon,a,q1,blank,0,normal
13,Asha Menon,a,q2,work,0,normal
14,Asha Menon,a,q3p1,blank,0,normal
15,Asha Menon,a,q3p2,blank,0,normal
16,Hana Novak,a,cover,blank,0,normal
17,Hana Novak,a,q1,blank,0,normal
18,Hana Novak,a,q2,blank,0,normal
19,Hana Novak,a,q3p1,blank,0,normal
20,Hana Novak,a,q3p2,blank,0,normal
21,Diego Ramos,b,cover,blank,0,normal
22,Diego Ramos,b,q1,blank,0,normal
23,Diego Ramos,b,q2,work,0,normal
24,Diego Ramos,b,q3p1,blank,0,normal
25,Diego Ramos,b,q3p2,blank,0,normal
26,Jordan Blake,b,cover,blank,0,normal
27,Jordan Blake,b,q1,blank,0,normal
28,Jordan Blake,b,q3p1,work,0,normal
29,Jordan Blake,b,q3p2,work,0,normal
30,Ines Duarte,a,cover,blank,0,normal
31,Ines Duarte,a,q1,blank,0,normal
32,Ines Duarte,a,q2,blank,0,normal
33,Ines Duarte,a,q3p1,blank,0,normal
34,Ines Duarte,a,q3p2,work,0,dark
35,Taylor Brooks,b,cover,blank,0,normal
36,Taylor Brooks,b,q1,work,0,normal
37,Taylor Brooks,b,q2,blank,0,normal
38,Taylor Brooks,b,q3p1,blank,0,normal
39,Taylor Brooks,b,q3p2,blank,0,normal
40,Sofia Lindqvist,a,cover,blank,0,normal
41,Sofia Lindqvist,a,q1,work,0,normal
42,Sofia Lindqvist,a,q2,work,0,normal
43,Sofia Lindqvist,a,q3p1,work,0,normal
44,Sofia Lindqvist,a,q3p2,blank,0,normal
45,Omar Sutherland,b,cover,blank,0,normal
46,Omar Sutherland,b,q1,blank,0,normal
47,Omar Sutherland,b,q2,blank,0,normal
48,Omar Sutherland,b,q3p1,blank,0,normal
49,Omar Sutherland,b,q3p2,blank,0,normal
50,Jonah Pierce,b,cover,blank,0,normal
51,Jonah Pierce,b,q1,blank,0,normal
52,Jonah Pierce,b,q2,work,0,normal
53,Jonah Pierce,b,q3p1,blank,0,normal
54,Jonah Pierce,b,q3p2,blank,0,normal
55,Theo Castillo,b,cover,blank,0,normal
56,Theo Castillo,b,q1,work,0,normal
57,Theo Castillo,b,q2,blank,0,normal
58,Theo Castillo,b,q3p1,work,0,normal
59,Lena Hoffmann,a,cover,blank,0,normal
60,Lena Hoffmann,a,q1,work,0,normal
61,Lena Hoffmann,a,q2,work,0,normal
62,Lena Hoffmann,a,q3p1,blank,0,normal
63,Lena Hoffmann,a,q3p2,blank,0,normal
64,Kai Yamamoto,a,cover,blank,0,normal
65,Kai Yamamoto,a,q1,blank,0,normal
66,Kai Yamamoto,a,q2,work,0,normal
67,Kai Yamamoto,a,q3p1,blank,0,normal
68,Kai Yamamoto,a,q3p2,blank,0,normal
69,Mina Haddad,a,cover,blank,0,normal
70,Mina Haddad,a,q1,blank,0,normal
71,Mina Haddad,a,q2,blank,0,normal
72,Mina Haddad,a,q3p1,work,0,normal
73,Mina Haddad,a,q3p2,work,0,normal
74,Avery Chen,a,cover,blank,0,normal
75,Avery Chen,a,q1,blank,0,normal
76,Avery Chen,a,q2,blank,0,normal
77,Avery Chen,a,q3p1,blank,0,normal
78,Avery Chen,a,q3p2,blank,0,normal
79,Marcus Webb,b,cover,blank,0,normal
80,Marcus Webb,b,q1,blank,0,normal
81,Marcus Webb,b,q2,blank,0,normal
82,Marcus Webb,b,q3p1,blank,0,normal
83,Marcus Webb,b,q3p2,blank,1,normal
84,Priya Natarajan,a,cover,blank,0,normal
85,Priya Natarajan,a,q1,blank,0,normal
86,Priya Natarajan,a,q2,blank,0,normal
87,Priya Natarajan,a,q3p1,blank,0,normal
88,Priya Natarajan,a,q3p2,blank,0,normal
89,Riley Moreno,a,cover,blank,0,normal
90,Riley Moreno,a,q1,blank,0,normal
91,Riley Moreno,a,q2,blank,0,normal
92,Riley Moreno,a,q3p1,blank,0,normal
93,Riley Moreno,a,q3p2,work,0,normal
94,Felix Adeyemi,b,cover,blank,0,normal
95,Felix Adeyemi,b,q1,work,0,normal
96,Felix Adeyemi,b,q2,blank,0,normal
97,Felix Adeyemi,b,q3p1,blank,0,normal
98,Felix Adeyemi,b,q3p2,work,0,normal
99,Grace Kim,a,cover,blank,0,normal
100,Grace Kim,a,q1,work,0,normal
101,Grace Kim,a,q2,blank,0,normal
102,Grace Kim,a,q3p1,blank,0,normal
103,Grace Kim,a,q3p2,work,0,normal
104,Sam Okafor,b,cover,blank,0,normal
105,Sam Okafor,b,q1,work,0,skewed
106,Sam Okafor,b,q2,work,0,normal
107,Sam Okafor,b,q3p1,blank,1,normal
108,Sam Okafor,b,q3p2,blank,0,normal
109,Noor Rahman,b,cover,blank,0,normal
110,Noor Rahman,b,q1,work,0,normal
111,Noor Rahman,b,q2,blank,0,normal
112,Noor Rahman,b,q3p1,blank,0,normal
113,Noor Rahman,b,q3p2,blank,0,normal
114,Leo Fischer,b,cover,blank,0,normal
115,Leo Fischer,b,q1,blank,0,normal
116,Leo Fischer,b,q2,work,0,normal
117,Leo Fischer,b,q3p1,blank,0,normal
118,Leo Fischer,b,q3p2,blank,0,normal
